{
  "mean": [
    0.008326990251823575,
    0.0003568487763945094,
    0.12258845280893887,
    2.842061230184968,
    -0.00512984256855493,
    -0.19231744969337577,
    0.0021051438876914593,
    0.4476620670404478,
    2.842061230184968,
    -0.025485929718701558,
    0.011697450642869601,
    -0.0006173711089432257,
    0.1242735687429635,
    2.842061230184968,
    0.007493047258761959
  ],
  "std": [
    0.8973343166746223,
    0.17005556898339502,
    0.11786049007715595,
    1.5672753423275176,
    0.7115065316422078,
    2.9737561325065274,
    0.6261009170268698,
    0.4377276135520433,
    1.5672753423275176,
    1.5407764288600285,
    0.9208894899562362,
    0.1722951249511466,
    0.11934014974390937,
    1.5672753423275176,
    0.7336662549473583
  ],
  "feat_dim": 15,
  "nn_output_dim": 3,
  "version": "feat15_3d_v2"
}